PID,Condition,uniteam,fluency_ind_1,fluency_ind_2,fluency_ind_3,flex_ind_1,flex_ind_2,flex_ind_3,novel_ind_1,novel_ind_2,novel_ind_3,fluency_team_1,fluency_team_2,fluency_team_3,flex_team_1,flex_team_2,flex_team_3,novel_team_1,novel_team_2,novel_team_3,ind1,ind2,ind3,team1,team2,team3
236,3,10,5,6,5,5,6,4,0.969687119,0.969831054,0.978551787,32,30,28,21,24,21,0.984881664,0.9866823,0.984220259,48,78,82,38,38,56
614,3,10,22,16,5,16,14,5,0.984612123,0.983440601,0.967736022,32,30,28,21,24,21,0.984881664,0.9866823,0.984220259,38,86,58,38,38,56
615,3,10,12,13,13,10,13,9,0.978318918,0.979743708,0.977609009,32,30,28,21,24,21,0.984881664,0.9866823,0.984220259,42,72,58,38,38,56
232,3,9,6,9,8,5,7,7,0.983746445,0.988915706,0.973762603,28,29,29,18,19,18,0.985596649,0.986461076,0.984114541,62,48,64,36,38,58
300,3,9,7,9,8,5,5,6,0.9780577,0.970993117,0.967461045,28,29,29,18,19,18,0.985596649,0.986461076,0.984114541,52,74,60,36,38,58
573,3,9,12,13,9,9,12,9,0.981250363,0.989665202,0.97923923,28,29,29,18,19,18,0.985596649,0.986461076,0.984114541,40,NA,70,36,38,58
466,3,8,6,12,9,3,8,6,0.978870378,0.98075376,0.977238008,28,27,26,20,19,15,0.986059306,0.984982687,0.983143537,44,74,64,48,74,54
710,3,8,9,11,7,9,11,6,0.977967403,0.981663985,0.985792851,28,27,26,20,19,15,0.986059306,0.984982687,0.983143537,42,78,68,48,74,54
988,3,8,6,7,6,6,7,4,0.971759447,0.970886967,0.963794684,28,27,26,20,19,15,0.986059306,0.984982687,0.983143537,33,78,64,48,74,54
152,3,7,7,6,6,7,6,5,0.984305161,0.960694173,0.965398717,28,14,18,22,11,11,0.984481439,0.982324182,0.980130927,48,78,62,32,38,50
857,3,7,5,3,3,5,3,3,0.974238115,0.950925181,0.964864039,28,14,18,22,11,11,0.984481439,0.982324182,0.980130927,52,64,70,32,38,50
945,3,7,7,6,5,7,4,4,0.978405991,0.979887369,0.957011916,28,14,18,22,11,11,0.984481439,0.982324182,0.980130927,60,86,88,32,38,50
524,2,5,10,11,12,9,10,8,0.979926859,0.980399327,0.974144516,40,30,22,21,20,15,0.987152389,0.983524441,0.981916685,52,78,66,44,74,64
739,2,5,9,8,6,8,6,6,0.988351619,0.978982301,0.961197678,40,30,22,21,20,15,0.987152389,0.983524441,0.981916685,54,70,46,44,74,64
997,2,5,11,11,8,10,9,8,0.983413985,0.980874717,0.970439963,40,30,22,21,20,15,0.987152389,0.983524441,0.981916685,54,70,74,44,74,64
227,2,4,9,5,7,8,4,6,0.97367827,0.974094932,0.967862053,32,17,17,20,14,12,0.982238326,0.987114269,0.981412855,70,94,68,52,94,86
532,2,4,15,9,9,9,6,6,0.984439611,0.981013677,0.967781852,32,17,17,20,14,12,0.982238326,0.987114269,0.981412855,84,86,78,52,94,86
963,2,4,6,4,5,6,4,4,0.973452526,0.975160901,0.963153071,32,17,17,20,14,12,0.982238326,0.987114269,0.981412855,74,82,80,52,94,86
177,1,2,6,4,4,5,3,4,0.97203034,0.968322607,0.958180568,31,27,17,21,17,12,0.984317626,0.985507441,0.983036093,70,78,46,26,28,20
346,1,2,18,19,10,14,10,9,0.98468744,0.981335479,0.981484876,31,27,17,21,17,12,0.984317626,0.985507441,0.983036093,40,72,24,26,28,20
823,1,2,13,14,10,12,12,9,0.982585476,0.986696931,0.977818515,31,27,17,21,17,12,0.984317626,0.985507441,0.983036093,54,62,62,26,28,20
682,1,1,4,4,5,3,4,5,0.97998781,0.976568785,0.959211732,32,24,21,21,17,14,0.986358161,0.986130124,0.980127389,74,73,62,32,44,54
697,1,1,12,10,7,9,9,6,0.974434512,0.974859212,0.968091201,32,24,21,21,17,14,0.986358161,0.986130124,0.980127389,40,82,80,32,44,54
959,1,1,6,8,8,4,8,7,0.990428462,0.977323009,0.965882473,32,24,21,21,17,14,0.986358161,0.986130124,0.980127389,60,96,82,32,44,54
185,2,17,11,11,10,11,9,10,0.972639848,0.976047685,0.978460128,28,36,37,20,24,23,0.983965054,0.987598065,0.987954417,44,74,52,20,40,54
565,2,17,11,12,15,9,10,15,0.988778795,0.984882006,0.981026581,28,36,37,20,24,23,0.983965054,0.987598065,0.987954417,34,72,66,20,40,54
870,2,17,6,10,6,6,10,5,0.975213328,0.971409122,0.977085243,28,36,37,20,24,23,0.983965054,0.987598065,0.987954417,58,76,82,20,40,54
548,2,16,8,11,12,7,10,10,0.984051199,0.986433116,0.972011261,22,26,21,15,18,15,0.984079889,0.985777292,0.979098844,68,70,42,44,88,90
623,2,16,4,5,3,4,5,3,0.978870378,0.980209171,0.962190651,22,26,21,15,18,15,0.984079889,0.985777292,0.979098844,52,88,84,44,88,90
872,2,16,14,13,13,8,12,12,0.979444033,0.980444334,0.973778971,22,26,21,15,18,15,0.984079889,0.985777292,0.979098844,74,82,96,44,88,90
101,3,15,8,9,6,5,6,6,0.974502235,0.972365245,0.966926367,32,29,29,22,20,18,0.983412686,0.988385727,0.984238196,56,90,80,42,26,28
708,3,15,11,13,7,10,11,7,0.983285927,0.989603317,0.972174938,32,29,29,22,20,18,0.983412686,0.988385727,0.984238196,54,48,68,42,26,28
986,3,15,10,10,5,8,9,5,0.978537919,0.974296058,0.983501375,32,29,29,22,20,18,0.983412686,0.988385727,0.984238196,56,54,68,42,26,28
222,1,14,13,11,11,12,8,10,0.974110408,0.985457021,0.981139392,37,36,46,24,22,28,0.985473351,0.98515791,0.986618466,42,48,46,46,44,60
603,1,14,11,12,11,9,10,7,0.989841528,0.975431648,0.975585368,37,36,46,24,22,28,0.985473351,0.98515791,0.986618466,63,78,72,46,44,60
403,1,14,NA,9,7,NA,7,6,NA,0.975417896,0.975448475,37,36,46,24,22,28,0.985473351,0.98515791,0.986618466,52,72,62,46,44,60
330,1,13,13,10,10,11,10,9,0.97855781,0.979123089,0.975756187,33,26,24,22,20,16,0.985744432,0.985235779,0.983220743,50,76,70,36,26,28
424,1,13,7,5,5,7,5,4,0.972310907,0.974456959,0.961778185,33,26,24,22,20,16,0.985744432,0.985235779,0.983220743,64,84,70,36,26,28
766,1,13,9,6,8,9,5,7,0.981624453,0.969965138,0.982412924,33,26,24,22,20,16,0.985744432,0.985235779,0.983220743,38,42,32,36,26,28
307,3,12,10,11,4,8,6,4,0.975102508,0.980984422,0.977543538,37,36,31,25,25,21,0.983928418,0.985590517,0.983685775,50,68,66,56,32,26
454,3,12,12,11,11,9,7,10,0.978396316,0.978680611,0.981095325,37,36,31,25,25,21,0.983928418,0.985590517,0.983685775,63,80,76,56,32,26
836,3,12,9,9,10,7,8,10,0.985696871,0.977715205,0.974085493,37,36,31,25,25,21,0.983928418,0.985590517,0.983685775,54,98,72,56,32,26
213,1,11,4,5,5,4,4,4,0.970642015,0.97851971,0.962144821,21,19,10,18,16,6,0.982748974,0.983613603,0.978485492,54,84,72,42,18,32
587,1,11,9,11,3,7,7,3,0.975904104,0.97432897,0.955392606,21,19,10,18,16,6,0.982748974,0.983613603,0.978485492,46,80,72,42,18,32
992,1,11,8,7,6,8,6,5,0.978464039,0.970003448,0.966468072,21,19,10,18,16,6,0.982748974,0.983613603,0.978485492,42,54,70,42,18,32
287,2,21,8,6,5,8,5,5,0.982984559,0.975596675,0.975985335,38,35,36,26,22,22,0.984881263,0.985875531,0.986035514,58,70,96,46,84,96
605,2,21,12,12,11,9,9,9,0.981076218,0.98075376,0.981126573,38,35,36,26,22,22,0.984881263,0.985875531,0.986035514,52,82,88,46,84,96
876,2,21,13,13,13,11,8,12,0.980589504,0.975945294,0.983926935,38,35,36,26,22,22,0.984881263,0.985875531,0.986035514,36,80,90,46,84,96
431,2,20,14,15,14,12,9,12,0.978173797,0.979736525,0.975853575,37,50,40,23,31,27,0.984279541,0.986557782,0.982997169,52,68,66,30,68,60
716,2,20,13,18,10,12,13,8,0.97380677,0.981178812,0.98111824,37,50,40,23,31,27,0.984279541,0.986557782,0.982997169,42,68,64,30,68,60
802,2,20,6,6,6,6,5,5,0.979683056,0.979485117,0.961350443,37,50,40,23,31,27,0.984279541,0.986557782,0.982997169,42,82,78,30,68,60
228,1,19,13,13,5,10,9,5,0.975619667,0.987344514,0.964436297,39,42,33,25,25,18,0.988064155,0.989938464,0.98672071,49,78,86,34,28,32
982,1,19,9,10,8,8,9,8,0.984197932,0.981255028,0.968148488,39,42,33,25,25,18,0.988064155,0.989938464,0.98672071,36,52,52,34,28,32
597,1,18,9,5,4,7,4,4,0.968102397,0.971440064,0.957286893,23,24,23,18,17,17,0.979304986,0.983543597,0.983553814,46,60,66,28,32,68
718,1,18,8,5,3,8,3,3,0.969524584,0.968624296,0.963183624,23,24,23,18,17,17,0.979304986,0.983543597,0.983553814,52,40,72,28,32,68
296,3,30,15,20,15,12,14,13,0.981740146,0.984184159,0.974488237,27,25,19,19,15,15,0.985510573,0.985125604,0.982458452,52,56,80,52,56,46
770,3,30,11,9,7,10,7,7,0.981973329,0.968579601,0.965038628,27,25,19,19,15,15,0.985510573,0.985125604,0.982458452,50,64,62,52,56,46
522,3,29,8,9,7,6,6,6,0.981105242,0.975499159,0.987225023,24,23,22,19,18,17,0.987123559,0.983461172,0.984461744,56,72,38,40,32,34
816,3,29,9,10,9,7,9,7,0.986143844,0.977715205,0.975160403,24,23,22,19,18,17,0.987123559,0.983461172,0.984461744,54,98,82,40,32,34
425,2,28,8,11,10,8,11,10,0.976838684,0.989139179,0.980568286,28,32,26,21,26,20,0.983888836,0.986702842,0.985191083,42,76,94,40,82,66
446,2,28,8,12,11,7,9,8,0.972295076,0.981395817,0.978492864,28,32,26,21,26,20,0.983888836,0.986702842,0.985191083,38,76,76,40,82,66
200,1,27,11,8,7,9,7,6,0.977989977,0.971490346,0.974859238,28,32,31,18,24,16,0.986023652,0.984848105,0.986814169,68,72,66,58,34,40
383,1,27,16,21,14,13,16,9,0.98031796,0.98145807,0.982290166,28,32,31,18,24,16,0.986023652,0.984848105,0.986814169,60,62,30,58,34,40
399,1,26,10,14,10,9,10,9,0.979920087,0.974336283,0.97808516,38,34,33,24,21,19,0.986365897,0.985033779,0.985691867,38,54,64,32,34,42
429,1,26,13,11,9,13,9,9,0.986340762,0.977583559,0.97428455,38,34,33,24,21,19,0.986365897,0.985033779,0.985691867,48,82,80,32,34,42
342 (392),1,26,11,8,10,8,7,9,0.975932235,0.98234558,0.979743355,38,34,33,24,21,19,0.986365897,0.985033779,0.985691867,36,72,64,32,34,42
514,2,56,15,13,9,12,12,8,0.978680753,0.979109681,0.966452796,29,28,18,20,20,12,0.985883082,0.984036552,0.980448629,66,86,98,48,100,78
539,2,56,4,5,6,4,4,6,0.984234051,0.968155001,0.96914146,29,28,18,20,20,12,0.985883082,0.984036552,0.980448629,66,83,68,48,100,78
630,2,55,8,8,6,6,6,6,0.981105242,0.966261062,0.971891231,19,23,19,15,14,10,0.985926256,0.982941523,0.980907447,62,70,50,42,64,68
637,2,55,4,3,3,4,3,2,0.988317757,0.988736927,0.972960587,19,23,19,15,14,10,0.985926256,0.982941523,0.980907447,48,56,86,42,64,68
965,2,54,7,6,6,7,5,6,0.973704069,0.979619201,0.973571647,16,16,11,11,13,10,0.98490613,0.987095713,0.981847134,32,90,68,36,78,84
386,2,53,4,5,3,4,5,3,0.974502235,0.980289622,0.937366331,15,27,10,10,16,8,0.982929255,0.982049956,0.980737309,58,76,62,42,54,68
985,2,53,6,8,6,5,7,5,0.9707436,0.979133146,0.960433853,15,27,10,10,16,8,0.982929255,0.982049956,0.980737309,28,60,80,42,54,68
990,1,52,10,11,7,10,10,5,0.978301504,0.981459811,0.979769543,18,20,17,15,16,14,0.982289161,0.985025129,0.983014862,52,58,64,54,56,74
298,1,51,12,3,3,8,3,3,0.982585476,0.963126844,0.961503208,24,22,28,16,15,16,0.985492869,0.984640501,0.983754929,54,44,66,54,36,40
348,1,50,13,13,9,10,10,7,0.977001219,0.98224342,0.966819432,34,35,26,24,21,19,0.984262474,0.984956751,0.982751997,44,62,90,26,36,36
491,1,50,9,11,8,9,9,8,0.979804957,0.98010678,0.979777727,34,35,26,24,21,19,0.984262474,0.984956751,0.982751997,38,78,54,26,36,36
523,1,50,15,6,6,12,5,5,0.982400447,0.96621078,0.965169569,34,35,26,24,21,19,0.984262474,0.984956751,0.982751997,46,68,90,26,36,36
242,1,49,6,7,7,6,5,6,0.968779629,0.977991036,0.972764174,30,33,29,20,24,16,0.983582562,0.986003992,0.984017708,32,72,86,38,44,74
613,1,49,19,20,17,13,16,11,0.98070703,0.985533804,0.978483043,30,33,29,20,24,16,0.983582562,0.986003992,0.984017708,28,68,86,38,44,74
830,1,49,6,4,6,6,4,5,0.973046187,0.971741754,0.965475099,30,33,29,20,24,16,0.983582562,0.986003992,0.984017708,60,82,82,38,44,74
516,1,48,6,6,6,6,5,6,0.963158608,0.969428801,0.956592903,27,29,26,17,23,18,0.982238649,0.984696387,0.983293904,68,56,70,44,52,72
155,3,47,6,4,4,5,3,4,0.972165786,0.955752212,0.974450046,29,31,36,21,21,22,0.983055363,0.985737119,0.985013723,68,62,72,42,24,32
448,3,47,9,9,8,9,7,7,0.982080455,0.97801019,0.97880385,29,31,36,21,21,22,0.983055363,0.985737119,0.985013723,53,60,62,42,24,32
714,3,47,10,7,9,8,7,9,0.978611799,0.982760602,0.976881556,29,31,36,21,21,22,0.983055363,0.985737119,0.985013723,60,58,68,42,24,32
744,3,69,7,7,7,5,5,6,0.989333604,0.963948109,0.975710358,38,33,38,24,22,23,0.985130405,0.98542337,0.984849257,62,54,72,52,40,38
606,3,68,12,15,14,10,10,10,0.984746663,0.981117789,0.981759853,43,35,28,24,21,16,0.985473627,0.986441282,0.98495291,46,42,46,48,36,24
914,3,68,13,8,9,10,6,8,0.985182175,0.973903862,0.972868928,43,35,28,24,21,16,0.985473627,0.986441282,0.98495291,42,66,96,48,36,24
804,3,67,7,9,9,5,8,8,0.977070877,0.975744167,0.97071494,37,39,45,25,22,25,0.984604808,0.98643301,0.985948659,36,54,58,34,56,40
849,3,67,18,22,14,16,15,9,0.980800488,0.981443912,0.979865567,37,39,45,25,22,25,0.984604808,0.98643301,0.985948659,60,70,68,34,56,40
230,3,66,10,13,10,9,10,9,0.978907318,0.977473854,0.980934922,30,28,29,19,21,18,0.983322813,0.984204588,0.985562633,42,70,82,34,78,76
541,3,66,10,15,12,9,10,9,0.977245022,0.97895716,0.980721051,30,28,29,19,21,18,0.983322813,0.984204588,0.985562633,34,78,58,34,78,76
109,2,65,4,5,7,4,4,7,0.967797643,0.965406275,0.987626031,29,36,35,21,24,21,0.98367939,0.988114727,0.98690729,70,76,78,46,66,78
760,2,65,10,9,7,9,9,7,0.976713656,0.987619558,0.975317533,29,36,35,21,24,21,0.98367939,0.988114727,0.98690729,54,72,84,46,66,78
319,2,64,9,9,6,9,6,5,0.973949163,0.975462591,0.95633102,55,37,34,30,24,19,0.98598539,0.987971466,0.985373909,38,64,54,32,72,78
727,2,64,22,21,17,15,13,10,0.986867127,0.987295522,0.981311743,55,37,34,30,24,19,0.98598539,0.987971466,0.985373909,38,77,82,32,72,78
219,2,63,10,6,5,9,5,5,0.977873001,0.971909359,0.976260312,55,37,27,30,24,19,0.986247449,0.989614372,0.985526236,60,70,74,34,50,68
113,1,61,13,9,9,11,7,8,0.976369831,0.975283812,0.974641002,32,24,32,19,18,19,0.984920339,0.985535337,0.985633404,46,68,88,34,28,36
552,1,62,8,11,8,8,8,7,0.974908574,0.981261732,0.971986709,46,42,21,26,27,17,0.983205403,0.986265307,0.981221986,44,64,82,38,32,24
560,1,62,11,7,10,8,5,9,0.971888737,0.980691875,0.973648029,46,42,21,26,27,17,0.983205403,0.986265307,0.981221986,44,70,74,38,32,24
192,1,61,15,9,8,10,9,7,0.979655966,0.972378654,0.97214584,32,24,32,19,18,19,0.984920339,0.985535337,0.985633404,46,52,78,34,28,36
882,1,60,12,13,13,10,10,9,0.977901416,0.976298038,0.980195103,36,32,21,22,24,12,0.982250576,0.985865614,0.981816803,40,68,46,38,64,42
888,1,60,9,8,9,9,8,8,0.982305789,0.974255833,0.966544455,36,32,21,22,24,12,0.982250576,0.985865614,0.981816803,43,72,86,38,64,42
501 (510),1,60,12,7,7,11,6,7,0.975788975,0.979944834,0.975579416,36,32,21,22,24,12,0.982250576,0.985865614,0.981816803,46,66,60,38,64,42
680,1,59,15,10,11,14,10,9,0.983448463,0.987168142,0.977734494,37,44,32,24,30,20,0.982810613,0.989025741,0.985957636,58,50,68,30,42,32
891,1,59,21,22,15,16,17,12,0.981747257,0.983157858,0.979957226,37,44,32,24,30,20,0.982810613,0.989025741,0.985957636,40,78,60,30,42,32
711,1,58,10,9,10,9,8,8,0.973366333,0.972110485,0.980339138,38,15,18,23,11,12,0.984975494,0.981477999,0.981964465,42,62,50,38,34,56
975,1,58,2,2,3,2,2,3,0.968711906,0.935639582,0.937366331,38,15,18,23,11,12,0.984975494,0.981477999,0.981964465,55,62,68,38,34,56
190,3,57,2,4,2,2,4,2,0.966578627,0.968624296,0.957149404,49,40,29,27,24,17,0.984020729,0.986511702,0.985124307,42,80,60,30,70,48
430,3,57,20,27,16,15,20,12,0.981424508,0.985562004,0.982423033,49,40,29,27,24,17,0.984020729,0.986511702,0.985124307,36,64,76,30,70,48
761,3,57,8,7,9,6,6,7,0.979530679,0.970578095,0.977390773,49,40,29,27,24,17,0.984020729,0.986511702,0.985124307,48,68,64,30,70,48
627,3,36,3,4,3,3,3,3,0.979818502,0.98340708,0.978612893,45,12,11,25,10,10,0.987596216,0.980510143,0.977043524,58,96,62,56,70,26
676,3,36,3,3,4,2,3,4,0.981985643,0.965272191,0.95428506,45,12,11,25,10,10,0.987596216,0.980510143,0.977043524,66,100,82,56,70,26
786,1,35,11,16,11,9,13,10,0.973440213,0.980641593,0.97154751,41,30,24,23,24,17,0.985866875,0.985597105,0.982236377,26,72,76,24,50,40
954,1,35,11,13,13,11,11,11,0.983118466,0.979456384,0.980469576,41,30,24,23,24,17,0.985866875,0.985597105,0.982236377,34,62,68,24,50,40
502,3,34,11,13,16,9,9,11,0.985840653,0.979190131,0.979233501,47,46,38,27,29,23,0.986059868,0.987711098,0.983279385,52,80,48,54,56,48
582,3,34,14,16,12,13,12,11,0.977361119,0.981923773,0.978956615,47,46,38,27,29,23,0.986059868,0.987711098,0.983279385,44,82,82,54,56,48
117,3,33,10,12,12,7,9,9,0.973403273,0.976081441,0.984276951,40,48,39,23,25,21,0.983724386,0.987984523,0.984550057,54,60,88,44,16,46
647,3,33,16,18,17,12,13,12,0.978870378,0.985697685,0.980778563,40,48,39,23,25,21,0.983724386,0.987984523,0.984550057,26,22,42,44,16,46
956 (160),3,33,8,10,5,8,9,5,0.978159285,0.990587289,0.982859762,40,48,39,23,25,21,0.983724386,0.987984523,0.984550057,58,90,88,44,16,46
280,2,32,13,11,11,12,8,10,0.985226679,0.974584948,0.978626781,34,31,30,19,21,18,0.985199834,0.983163133,0.98331325,42,68,76,46,42,68
568,2,32,4,4,3,4,4,2,0.972368956,0.959070797,0.972043996,34,31,30,19,21,18,0.985199834,0.983163133,0.98331325,54,72,74,46,42,68
624,2,32,7,6,5,7,5,5,0.974632844,0.975529633,0.962511457,34,31,30,19,21,18,0.985199834,0.983163133,0.98331325,44,38,66,46,42,68
215,2,31,14,7,5,14,6,5,0.975909909,0.977121883,0.976626948,38,42,38,23,23,24,0.983470986,0.984010849,0.983957537,56,68,68,28,84,74
758,2,31,4,9,5,4,8,5,0.977346607,0.974881559,0.965758806,38,42,38,23,23,24,0.983470986,0.984010849,0.983957537,36,74,82,28,84,74
808,2,31,13,10,10,11,10,9,0.97983934,0.977715205,0.974885426,38,42,38,23,23,24,0.983470986,0.984010849,0.983957537,40,68,74,28,84,74
395,1,39,8,5,6,7,5,5,0.976229175,0.976749799,0.961655973,30,19,18,22,15,11,0.985291017,0.982994077,0.981427121,50,72,88,54,44,44
825,1,39,6,6,6,6,4,5,0.987606664,0.970693024,0.986971324,30,19,18,22,15,11,0.985291017,0.982994077,0.981427121,52,64,80,54,44,44
115,2,38,5,5,7,4,5,6,0.968468102,0.964038616,0.975383004,45,26,25,26,20,14,0.985899653,0.984588345,0.982731776,42,63,74,16,50,64
282,2,38,6,7,7,4,5,4,0.988390318,0.972819216,0.967526516,45,26,25,26,20,14,0.985899653,0.984588345,0.982731776,72,38,56,16,50,64
112,2,37,8,7,5,8,6,5,0.97146598,0.979887369,0.967461045,44,30,35,28,23,23,0.984385067,0.988223496,0.982519462,68,52,52,34,66,64
781,2,37,15,13,13,13,12,12,0.980902072,0.985949891,0.987045524,44,30,35,28,23,23,0.984385067,0.988223496,0.982519462,48,49,78,34,66,64
128,1,46,7,9,16,3,5,11,0.983797237,0.992312506,0.986520731,32,50,58,18,31,26,0.983482531,0.990209949,0.988747346,68,64,50,48,24,32
290,1,46,12,11,8,11,10,8,0.976093729,0.984860674,0.98487626,32,50,58,18,31,26,0.983482531,0.990209949,0.988747346,58,66,72,48,24,32
149,3,45,16,15,13,14,13,12,0.986375696,0.980490748,0.983990223,35,21,20,23,17,15,0.985766024,0.984714118,0.986157113,60,60,78,40,44,66
208,3,44,9,6,4,8,5,3,0.974536096,0.972110485,0.988542621,36,22,34,23,18,18,0.98515357,0.985746521,0.989473684,16,58,82,36,48,50
147 (175),3,44,11,7,5,7,5,5,0.979750779,0.969141478,0.962878094,36,22,34,23,18,18,0.98515357,0.985746521,0.989473684,62,82,96,36,48,50
652,3,99,13,13,15,12,10,12,0.976107274,0.976622025,0.978521234,27,16,21,19,13,14,0.982110579,0.981546948,0.983987969,42,84,60,48,66,50
683,3,99,4,5,4,4,5,4,0.979175132,0.970555109,0.957951421,27,16,21,19,13,14,0.982110579,0.981546948,0.983987969,44,82,60,48,66,50
114,3,43,16,13,11,13,8,10,0.978559648,0.987220744,0.97880385,32,19,17,22,14,16,0.984263157,0.987747669,0.983632503,38,52,60,28,60,70
691,3,43,7,6,4,7,5,4,0.979799153,0.967417538,0.963886343,32,19,17,22,14,16,0.984263157,0.987747669,0.983632503,34,82,191,28,60,70
140,2,42,8,10,5,7,7,4,0.969321414,0.971721641,0.95563703,61,33,35,29,24,20,0.986261868,0.984190659,0.985511677,52,66,76,30,46,82
168,2,42,15,16,19,14,14,17,0.98245003,0.981685675,0.984538569,61,33,35,29,24,20,0.986261868,0.984190659,0.985511677,42,72,72,30,46,82
428,2,42,14,13,13,10,10,12,0.981816335,0.979535398,0.98050483,61,33,35,29,24,20,0.986261868,0.984190659,0.985511677,48,58,50,30,46,82
226,2,41,23,31,23,18,23,19,0.98491303,0.985743419,0.981340841,53,47,44,27,29,25,0.985306143,0.987492266,0.985500354,50,64,72,30,74,72
685,2,41,10,9,6,8,7,6,0.977448192,0.983820506,0.978460128,53,47,44,27,29,25,0.985306143,0.987492266,0.985500354,58,56,94,30,74,72
769 (840),2,41,7,4,8,6,3,4,0.982375051,0.960176991,0.970108972,53,47,44,27,29,25,0.985306143,0.987492266,0.985500354,56,74,92,30,74,72
172,1,40,12,11,10,11,9,9,0.979175132,0.978973159,0.977751854,40,34,29,23,22,18,0.984005379,0.986414065,0.982786216,62,70,30,56,24,20
574,1,40,22,21,17,13,13,12,0.976651142,0.981075843,0.977647696,40,34,29,23,22,18,0.984005379,0.986414065,0.982786216,40,62,58,56,24,20
188,4,95,22,20,15,18,16,14,0.983795205,0.985403977,0.983776352,21,31,31,18,23,15,0.986572175,0.986367055,0.985111465,34,46,46,26,38,30
987,4,95,7,10,15,6,7,7,0.970243491,0.973890149,0.976433981,21,31,31,18,23,15,0.986572175,0.986367055,0.985111465,44,66,58,26,38,30
106,4,94,14,10,9,12,9,8,0.982004992,0.977839538,0.976960253,18,26,14,14,22,11,0.986758672,0.986656081,0.981627742,49,62,59,46,26,44
540,4,94,13,10,9,11,8,8,0.982039821,0.981375704,0.969523373,18,26,14,14,22,11,0.986758672,0.986656081,0.981627742,62,64,76,46,26,44
142,4,93,11,15,9,11,12,8,0.984780762,0.980852776,0.971210732,20,38,23,17,25,18,0.984690245,0.987531461,0.986374965,80,76,64,42,34,50
194,4,93,15,20,6,15,16,5,0.980586031,0.983277784,0.972196761,20,38,23,17,25,18,0.984690245,0.987531461,0.986374965,56,56,58,42,34,50
753,4,93,6,6,5,6,6,5,0.984626846,0.973719496,0.959120073,20,38,23,17,25,18,0.984690245,0.987531461,0.986374965,56,50,70,42,34,50
289,4,92,7,6,3,7,6,3,0.976026006,0.973183159,0.964558509,18,31,30,15,21,19,0.983691823,0.986560627,0.985166313,74,68,58,50,60,42
526,4,92,10,14,11,8,10,10,0.97387241,0.985863694,0.973877177,18,31,30,15,21,19,0.983691823,0.986560627,0.985166313,46,78,70,50,60,42
572,4,92,9,11,6,6,7,5,0.986875254,0.982630001,0.969294226,18,31,30,15,21,19,0.983691823,0.986560627,0.985166313,60,64,54,50,60,42
108,4,91,14,13,7,10,11,7,0.978641812,0.982185956,0.971331093,22,35,25,13,22,18,0.985157901,0.986784923,0.984037116,40,70,80,58,26,34
179,4,91,9,11,11,7,8,8,0.98356585,0.982569053,0.985678277,22,35,25,13,22,18,0.985157901,0.986784923,0.984037116,64,64,56,58,26,34
326,4,91,7,5,5,6,3,5,0.97660649,0.965245374,0.96822487,22,35,25,13,22,18,0.985157901,0.986784923,0.984037116,63,92,96,58,26,34
187,4,90,16,18,14,12,13,12,0.981858164,0.984423885,0.982309808,22,29,28,19,21,19,0.985317555,0.986473612,0.984197756,44,64,56,50,42,60
450,4,90,5,6,5,5,5,4,0.981443858,0.976726813,0.977910174,22,29,28,19,21,19,0.985317555,0.986473612,0.984197756,48,80,82,50,42,60
941,4,90,12,11,9,10,7,8,0.978565624,0.975426022,0.982793101,22,29,28,19,21,19,0.985317555,0.986473612,0.984197756,62,40,58,50,42,60
174,4,89,5,3,5,5,3,5,0.978545307,0.96875838,0.96700275,23,42,38,19,29,20,0.986631854,0.9884752,0.987283495,48,82,58,36,52,54
622,4,89,18,21,17,17,17,14,0.97987655,0.985250738,0.982610245,23,42,38,19,29,20,0.986631854,0.9884752,0.987283495,46,78,70,36,52,54
989,4,89,15,22,19,13,18,14,0.984062486,0.98215004,0.98215061,23,42,38,19,29,20,0.986631854,0.9884752,0.987283495,46,74,60,36,52,54
135,4,88,10,11,9,10,9,6,0.980617635,0.970416149,0.974539159,16,26,25,13,17,15,0.984847072,0.98392976,0.984468398,56,62,60,16,12,24
150,4,88,3,2,2,3,2,2,0.9561154,0.949517297,0.95944088,16,26,25,13,17,15,0.984847072,0.98392976,0.984468398,52,56,82,16,12,24
169,4,88,10,10,5,7,10,4,0.973181634,0.975422365,0.989367553,16,26,25,13,17,15,0.984847072,0.98392976,0.984468398,2,0,2,16,12,24
631,4,87,11,11,12,9,8,10,0.979018138,0.98449499,0.979529484,13,26,28,11,19,16,0.984764583,0.987169844,0.985486806,40,74,78,32,64,66
842,4,87,5,5,2,5,4,2,0.979032913,0.970313757,0.932630614,13,26,28,11,19,16,0.984764583,0.987169844,0.985486806,62,80,82,32,64,66
145,4,86,7,5,5,6,4,4,0.988013003,0.961316707,0.953884051,7,4,5,6,4,4,0.989076571,0.976118842,0.978343949,46,82,92,44,32,36
102,4,85,11,12,8,10,11,7,0.984596062,0.977205685,0.965780629,14,27,18,11,24,12,0.985479832,0.986572507,0.983886468,46,69,64,44,74,52
110,4,85,6,9,3,5,9,3,0.979953948,0.992839904,0.973648029,14,27,18,11,24,12,0.985479832,0.986572507,0.983886468,46,83,45,44,74,52
848,4,84,10,8,9,8,8,8,0.976838684,0.971797622,0.963294725,18,24,16,13,19,13,0.984375648,0.988936944,0.986010852,54,78,70,38,48,50
998,4,84,10,12,NA,8,11,NA,0.983340106,0.988736927,NA,18,24,16,13,19,13,0.984375648,0.988936944,0.986010852,42,50,58,38,48,50
690,4,83,4,6,5,4,5,5,0.987505079,0.986658622,0.969477544,14,22,18,12,15,12,0.982975436,0.986273035,0.983628214,52,70,86,66,48,80
693,4,83,12,9,12,10,9,10,0.979401744,0.976758738,0.977120496,14,22,18,12,15,12,0.982975436,0.986273035,0.983628214,40,56,68,66,48,80
158,4,82,14,17,11,12,10,10,0.982635785,0.984004543,0.979793351,19,30,22,14,23,13,0.984078996,0.987455871,0.98224281,70,50,44,40,42,50
586,4,82,6,3,6,4,3,5,0.982933767,0.96875838,0.97670333,19,30,22,14,23,13,0.984078996,0.987455871,0.98224281,36,82,86,40,42,50
223,4,81,10,10,12,9,7,9,0.980902072,0.979686243,0.984838069,10,17,21,7,12,16,0.984669899,0.983740017,0.984369629,32,64,44,48,52,52
281,4,81,3,3,2,3,3,2,0.964106732,0.968624296,0.957149404,10,17,21,7,12,16,0.984669899,0.983740017,0.984369629,64,74,70,48,52,52
127,4,80,7,28,5,6,19,4,0.987047948,0.983162855,0.970210816,11,32,18,9,20,13,0.98467329,0.987445524,0.982283557,50,70,64,50,44,60
999,4,80,6,15,7,4,8,6,0.976432345,0.976518504,0.971389289,11,32,18,9,20,13,0.98467329,0.987445524,0.982283557,30,68,63,50,44,60
131,4,79,11,9,7,10,8,7,0.981456171,0.972767498,0.969248396,28,29,26,19,21,14,0.986572175,0.986642632,0.983864119,40,84,76,32,38,46
663,4,79,16,16,15,11,12,12,0.982885962,0.980893001,0.976351971,28,29,26,19,21,14,0.986572175,0.986642632,0.983864119,52,70,52,32,38,46
915,4,79,8,36,6,6,21,6,0.991762403,0.984187003,0.975252062,28,29,26,19,21,14,0.986572175,0.986642632,0.983864119,74,66,48,32,38,46
126,4,78,10,8,11,10,6,8,0.977773263,0.970193081,0.973460545,33,34,27,25,23,19,0.987401053,0.986321388,0.985888181,44,72,70,42,40,24
141,4,78,25,21,22,20,16,17,0.983800623,0.987546259,0.987643658,33,34,27,25,23,19,0.987401053,0.986321388,0.985888181,46,66,74,42,40,24
949,4,78,10,11,15,9,9,12,0.986849396,0.978753748,0.980952108,33,34,27,25,23,19,0.987401053,0.986321388,0.985888181,42,78,74,42,40,24
412,4,77,5,7,6,5,6,5,0.97586347,0.987760028,0.975863123,23,27,18,21,18,13,0.986442437,0.98723831,0.983774723,48,88,78,28,40,46
681,4,77,8,24,5,8,13,5,0.972013409,0.987996782,0.974060495,23,27,18,21,18,13,0.986442437,0.98723831,0.983774723,62,90,74,28,40,46
855,4,77,16,14,9,16,10,9,0.982476636,0.989541432,0.990879927,23,27,18,21,18,13,0.986442437,0.98723831,0.983774723,34,56,66,28,40,46
635,4,76,9,5,14,9,4,13,0.97606664,0.965647627,0.978427393,20,21,22,17,15,18,0.983893391,0.98379269,0.98504954,42,74,76,42,44,78
707,4,76,7,10,NA,6,8,NA,0.974284553,0.980070211,NA,20,21,22,17,15,18,0.983893391,0.98379269,0.98504954,58,34,62,42,44,78
729,4,76,10,9,7,8,8,7,0.976466206,0.983829445,0.992405395,20,21,22,17,15,18,0.983893391,0.98379269,0.98504954,70,72,70,42,44,78
656,4,75,15,45,18,11,27,16,0.981856969,0.985403106,0.980003859,17,42,32,14,28,21,0.984044096,0.987875857,0.983912648,68,30,62,50,38,32
660,4,75,3,8,5,3,8,5,0.982798321,0.97832864,0.962969753,17,42,32,14,28,21,0.984044096,0.987875857,0.983912648,40,66,46,50,38,32
686,4,75,7,8,6,6,8,4,0.978971963,0.98119469,0.975022915,17,42,32,14,28,21,0.984044096,0.987875857,0.983912648,40,64,52,50,38,32
501,4,74,15,8,12,13,7,11,0.983794249,0.972194288,0.977085243,23,26,21,17,19,15,0.984287579,0.984845319,0.985388921,60,70,74,52,32,64
651,4,74,16,11,11,13,9,9,0.973972925,0.981642653,0.975186592,23,26,21,17,19,15,0.984287579,0.984845319,0.985388921,46,72,76,52,32,64
268,4,73,7,22,2,4,16,2,0.978500979,0.98461786,0.943629698,22,24,21,15,20,14,0.985550492,0.984670929,0.983593901,62,66,92,24,36,42
315,4,73,15,13,11,13,11,9,0.981985643,0.985679807,0.985891057,22,24,21,15,20,14,0.985550492,0.984670929,0.983593901,24,64,74,24,36,42
329,4,73,5,5,9,4,5,8,0.978138968,0.976347546,0.979605866,22,24,21,15,20,14,0.985550492,0.984670929,0.983593901,58,78,76,24,36,42
255,4,72,15,25,15,11,15,11,0.975213328,0.983284169,0.982462573,17,23,18,13,17,14,0.981767119,0.984610756,0.985114414,56,92,68,48,68,74
263,4,72,5,25,6,5,14,5,0.965948801,0.985599356,0.980369691,17,23,18,13,17,14,0.981767119,0.984610756,0.985114414,45,68,78,48,68,74
498,4,71,9,31,9,9,22,6,0.972368956,0.986423974,0.986964049,27,37,32,19,26,21,0.98532457,0.986748085,0.986921444,46,98,80,34,60,76
664,4,71,16,16,14,13,14,12,0.981021584,0.981384643,0.988299995,27,37,32,19,26,21,0.98532457,0.986748085,0.986921444,44,58,76,34,60,76
928,4,71,8,28,13,8,17,10,0.974857781,0.984821668,0.980927871,27,37,32,19,26,21,0.98532457,0.986748085,0.986921444,58,84,82,34,60,76
193,4,70,5,18,3,5,12,3,0.971231207,0.982264317,0.937366331,16,21,14,13,15,9,0.982666696,0.985547736,0.980861389,45,60,68,38,40,50
272,4,70,7,6,5,7,5,4,0.970801649,0.972110485,0.970577452,16,21,14,13,15,9,0.982666696,0.985547736,0.980861389,58,76,72,38,40,50
705,4,70,8,19,8,7,13,7,0.980902072,0.98115372,0.979777727,16,21,14,13,15,9,0.982666696,0.985547736,0.980861389,40,44,56,38,40,50
938,1,19,3,3,3,3,2,3,0.974671543,0.964065433,0.961350443,39,42,33,25,25,18,0.988064155,0.989938464,0.98672071,72,84,50,36,34,28
241,1,18,6,11,7,6,8,5,0.973723419,0.983373559,0.982813932,23,24,23,18,17,17,0.979304986,0.983543597,0.983553814,58,66,64,88,34,68
906,2,54,6,4,7,5,3,6,0.981482557,0.960579244,0.973877177,16,16,11,11,13,10,0.98490613,0.987095713,0.981847134,40,82,90,36,78,84
249,1,52,3,3,3,3,2,3,0.958417987,0.98659158,0.960892148,18,20,17,15,16,14,0.982289161,0.985025129,0.983014862,92,64,88,54,74,74
262,1,51,17,5,4,12,4,3,0.985585663,0.974188791,0.971738466,24,22,28,16,15,16,0.985492869,0.984640501,0.983754929,54,62,72,54,36,40
773,1,48,18,13,15,12,11,13,0.981086772,0.977142587,0.983558662,27,29,26,17,23,18,0.982238649,0.984696387,0.983293904,62,74,76,44,52,72
824,3,69,11,7,8,9,7,6,0.979719996,0.97299161,0.967289184,38,33,38,24,22,23,0.985130405,0.98542337,0.984849257,51,59,84,52,40,38
493,2,63,20,23,17,16,17,15,0.982280091,0.984941761,0.981236858,55,37,27,30,24,19,0.986247449,0.989614372,0.985526236,48,54,42,34,50,68
372,3,34,7,21,9,7,16,7,0.985836187,0.988535801,0.991567369,47,46,38,27,29,23,0.986059868,0.987711098,0.983279385,48,60,80,54,56,48
139,3,45,5,3,5,3,3,4,0.979479886,0.975596675,0.969599756,35,21,20,23,17,15,0.985766024,0.984714118,0.986157113,52,62,76,40,44,66